Wavelength [nm],Intensity(a.u.)
181.232,399.7083879
181.576,254.2232727
181.919,200.671394
182.263,67.6596607
182.607,194.6889939
182.950,-4.9902788
183.294,85.82252117
183.637,31.65650908
183.981,97.03563636
184.325,18.84799997
184.668,16.38586668
185.012,-34.69328483
185.355,102.9619151
185.699,-39.71534554
186.043,-82.64792736
186.386,67.79432726
186.730,217.4535515
187.073,276.724194
187.417,3.426496903
187.760,-52.0478061
188.104,22.93774545
188.447,122.7618424
188.791,74.18991502
189.134,-59.8308363
189.478,-28.05524846
189.821,64.78373317
190.165,39.89335744
190.508,-32.55117567
190.851,-58.80964847
191.195,67.49978181
191.538,69.65878781
191.882,70.85185432
192.225,136.1804608
192.569,237.963491
192.912,251.5784971
193.255,374.2063757
193.599,322.2596119
193.942,253.6136971
194.285,-45.89781821
194.629,-23.10147882
194.972,219.0160242
195.315,278.8789091
195.659,185.8518543
196.002,126.6619393
196.345,152.5538909
196.688,260.5448727
197.032,106.6889939
197.375,161.0250424
197.718,64.3403393
198.061,30.81035121
198.405,-75.93389074
198.748,-16.05253335
199.091,102.3114424
199.434,117.3055758
199.777,-29.93774545
200.121,5.513090889
200.464,54.69643636
200.807,79.7246303
201.150,-60.80807273
201.493,-33.72620606
201.836,123.6188606
202.180,154.9596363
202.523,119.6188606
202.866,118.6720969
203.209,165.5514424
203.552,56.68426667
203.895,-44.49233939
204.238,-76.09946662
204.581,70.71990299
204.924,213.0426424
205.267,189.5789333
205.610,203.8813576
205.953,138.6459152
206.296,74.19035153
206.639,-27.78889698
206.982,-14.05682421
207.325,73.87076366
207.668,-22.47903025
208.011,-140.1449939
208.354,-120.5856729
208.697,38.68339396
209.040,69.93013318
209.383,24.7264727
209.726,6.662642161
210.069,30.34734527
210.412,74.86559991
210.755,14.33604844
211.097,84.41318782
211.440,165.2244122
211.783,177.1578667
212.126,31.0207515
212.469,80.45827879
212.812,197.8809212
213.154,321.4907636
213.497,153.6529212
213.840,191.1883394
214.183,241.6509089
214.526,227.9783757
214.868,113.8545694
215.211,-1.096484979
215.554,100.8130666
215.897,113.3536485
216.239,4.029333274
216.582,44.48918784
216.925,34.34506667
217.268,128.9792485
217.610,-2.041502992
217.953,111.1382546
218.296,162.3419151
218.638,73.98152717
218.981,-81.79134544
219.324,-51.18894545
219.666,128.1565577
220.009,186.5690424
220.351,199.422206
220.694,216.6161455
221.037,293.5279757
221.379,114.4594182
221.722,79.70230302
222.064,39.68899394
222.407,188.4285091
222.750,32.80019399
223.092,-77.18063021
223.435,-30.26407282
223.777,186.0857211
224.120,265.9670787
224.462,95.31529695
224.805,49.34191505
225.147,56.84055756
225.490,167.8973818
225.832,124.9463273
226.175,197.9819636
226.517,207.9436121
226.859,110.3216
227.202,-37.39287273
227.544,-68.20567274
227.887,23.86244829
228.229,-47.95306667
228.571,-125.3666909
228.914,-47.43953951
229.256,96.19035153
229.599,264.6251637
229.941,33.96007276
230.283,61.80106676
230.626,30.52683637
230.968,248.6826909
231.310,202.5471514
231.653,266.155418
231.995,258.0841455
232.337,191.8182303
232.679,-20.21898188
233.022,100.5306908
233.364,381.8804847
233.706,357.8256727
234.048,75.67367264
234.391,-42.82181819
234.733,104.5236849
235.075,221.7916121
235.417,176.8660364
235.759,179.7943273
236.102,133.6752484
236.444,-30.07871513
236.786,-182.0176
237.128,-141.5151031
237.470,34.64863028
237.812,42.9616485
238.154,-74.50293333
238.497,-102.3040001
238.839,89.62787879
239.181,120.5879515
239.523,200.5651879
239.865,189.1335273
240.207,264.1249455
240.549,135.7442424
240.891,-12.8209453
241.233,181.1700364
241.575,374.0920242
241.917,296.0203152
242.259,-34.43910304
242.601,-28.88836363
242.943,161.6842667
243.285,279.6869818
243.627,114.9071029
243.969,4.441381852
244.311,59.29997579
244.653,-13.01847283
244.995,-39.21898188
245.337,69.34235153
245.679,257.3689697
246.021,427.3689697
246.362,236.7974788
246.704,218.4684363
247.046,129.4524121
247.388,196.5056484
247.730,-0.544169823
248.072,14.88004835
248.414,83.43393938
248.755,19.16601197
249.097,-31.66753944
249.439,18.0527997
249.781,286.1617211
250.123,226.643903
250.464,-65.80378181
250.806,-107.3673939
251.148,81.84370908
251.490,277.1053333
251.831,121.0054302
252.173,55.73478782
252.515,43.60756361
252.856,-10.62157567
253.198,-97.09832729
253.540,-162.2577697
253.881,-34.81008498
254.223,-14.73408496
254.565,-37.58637576
254.906,-24.10734548
255.248,183.916121
255.590,264.8358304
255.931,116.4163393
256.273,-23.24603637
256.614,-15.61027879
256.956,97.19665458
257.298,-21.77243637
257.639,98.81936979
257.981,124.3026909
258.322,152.7938906
258.664,-126.5985455
259.005,-127.6240243
259.347,92.43823012
259.688,194.9474667
260.030,189.9415999
260.371,98.19936969
260.713,136.4794666
261.054,36.40303024
261.396,-15.30128495
261.737,-41.76385462
262.079,106.1116364
262.420,80.3216
262.761,20.40933335
263.103,-26.41949087
263.444,29.58637576
263.786,177.0254788
264.127,11.9616485
264.468,-14.59180601
264.810,18.59583028
265.151,170.5640485
265.492,133.719903
265.834,143.3854303
266.175,328.0403637
266.516,321.3678304
266.858,140.6357576
267.199,-36.47473939
267.540,-4.586812178
267.881,-29.6213092
268.223,-122.9988606
268.564,-36.0176
268.905,55.89265452
269.246,89.86358778
269.588,-88.42351532
269.929,-102.8547393
270.270,118.1718786
270.611,187.4833212
270.952,87.58952735
271.294,68.31801212
271.635,106.6477572
271.976,191.3536485
272.317,48.29612121
272.658,109.3258909
272.999,132.1163636
273.340,106.1923637
273.681,-66.73250922
274.023,107.9560485
274.364,193.6423272
274.705,258.2169697
275.046,11.63216964
275.387,6.270642459
275.728,165.1073455
276.069,101.8840727
276.410,206.2600484
276.751,241.9071029
277.092,466.5142303
277.433,210.585503
277.774,75.57762416
278.115,127.4526787
278.456,323.9102545
278.797,302.9760969
279.138,169.8613091
279.479,135.9368726
279.820,216.4711515
280.160,266.5193939
280.501,160.4645818
280.842,202.0117333
281.183,145.1617211
281.524,166.1558545
281.865,154.0958787
282.206,183.8827637
282.546,298.4966303
282.887,249.0446545
283.228,251.4343758
283.569,266.4355151
283.910,267.0661093
284.251,177.9368726
284.591,54.93144243
284.932,39.14770905
285.273,308.1653091
285.614,274.8996604
285.954,202.9873938
286.295,148.4476848
286.636,383.9756606
286.976,378.7280483
287.317,306.7025696
287.658,288.0762666
287.999,431.1249455
288.339,231.992994
288.680,65.94632726
289.020,148.1766059
289.361,296.9352969
289.702,249.0214547
290.042,2.06610926
290.383,108.6199998
290.724,181.6129939
291.064,226.5369939
291.405,92.93844843
291.745,189.6035392
292.086,334.8730424
292.426,429.3987394
292.767,283.5667637
293.107,209.2627637
293.448,223.7508121
293.788,290.0884362
294.129,106.1017455
294.469,47.51694536
294.810,57.0527997
295.150,153.0591031
295.491,45.12494545
295.831,88.91384246
296.172,240.1217939
296.512,491.0724121
296.853,467.2553212
297.193,474.9384484
297.533,315.7230545
297.874,264.2318545
298.214,215.1973575
298.554,297.1033212
298.895,379.7311998
299.235,273.2733575
299.576,108.0176
299.916,128.3195879
300.256,359.7332121
300.596,494.4605573
300.937,464.2749333
301.277,363.7724364
301.617,462.4461091
301.958,480.9501819
302.298,452.4727271
302.638,516.4328
302.978,757.7821577
303.318,927.1601454
303.659,976.2052363
303.999,1090.573067
304.339,1386.229139
304.679,1837.15857
305.019,2492.381406
305.360,3816.234133
305.700,6076.371249
306.040,9783.668945
306.380,14770.99055
306.720,21442.32861
307.060,29212.27379
307.400,38813.2632
307.740,48765.63445
308.081,56940.32301
308.421,61248.33518
308.761,62178.99956
309.101,61008.44024
309.441,57399.25532
309.781,50535.75038
310.121,41815.07741
310.461,33104.37239
310.801,25767.93101
311.141,19529.56361
311.481,14571.70931
311.821,11109.42492
312.161,9364.110763
312.501,8591.829964
312.841,8307.410909
313.180,8087.676824
313.520,8396.411176
313.860,8871.873745
314.200,9142.723758
314.540,9014.344194
314.880,8679.487878
315.220,8007.87874
315.560,7139.435781
315.899,6054.325454
316.239,5400.197794
316.579,4702.249454
316.919,4067.386133
317.259,3295.458982
317.599,2991.926279
317.938,2836.759394
318.278,2742.384557
318.618,2324.544436
318.958,2248.976097
319.297,2253.02977
319.637,2265.637333
319.977,2040.546449
320.316,2044.151564
320.656,2151.719903
320.996,2086.965503
321.336,1844.598109
321.675,1528.196655
322.015,1566.281236
322.354,1363.944315
322.694,1337.539273
323.034,1027.746085
323.373,957.4307876
323.713,696.5401455
324.053,642.3635395
324.392,693.2780849
324.732,851.8678788
325.071,695.7264727
325.411,436.1468364
325.750,346.5444364
326.090,338.4179152
326.429,392.7395151
326.769,149.4891878
327.108,388.3144239
327.448,448.3994426
327.787,665.954909
328.127,328.1957816
328.466,312.9427392
328.806,333.3446302
329.145,442.1064727
329.485,321.9607756
329.824,266.5397091
330.163,321.1017455
330.503,314.8157814
330.842,585.4797332
331.182,703.4483879
331.521,978.8949333
331.860,665.3313211
332.200,568.0575273
332.539,380.7124605
332.878,450.2291394
333.218,317.0058667
333.557,284.4041697
333.896,278.2553212
334.236,427.2420121
334.575,373.2388606
334.914,211.5945211
335.253,203.4711515
335.593,367.591806
335.932,581.155418
336.271,732.4100363
336.610,774.8128
336.949,933.0035879
337.289,827.0254788
337.628,660.4206303
337.967,386.839685
338.306,386.9928242
338.645,297.1820362
338.984,133.1229332
339.324,5.166448474
339.663,180.5545939
340.002,244.1459635
340.341,149.0922906
340.680,19.58707865
341.019,97.5988121
341.358,202.7754183
341.697,328.7269091
342.036,415.0787151
342.375,597.9490424
342.714,471.0888727
343.053,296.4386666
343.392,160.3047029
343.731,280.2036606
344.070,323.9936969
344.409,276.7688485
344.748,211.6826909
345.087,423.0191757
345.426,577.5640485
345.765,531.7187636
346.104,548.5683394
346.443,808.4763151
346.782,941.5088
347.121,887.8953696
347.459,791.4700121
347.798,944.6321696
348.137,884.163297
348.476,564.8985212
348.815,451.1648727
349.154,548.6066908
349.492,463.2287029
349.831,278.9905453
350.170,225.7417938
350.509,274.2643393
350.848,243.8617454
351.186,122.2934061
351.525,250.8378424
351.864,357.8394182
352.203,230.8362667
352.541,80.91226667
352.880,79.99728489
353.219,364.9553455
353.557,475.5848
353.896,427.2925333
354.235,326.9943999
354.573,734.4664241
354.912,735.5706181
355.251,639.9086788
355.589,184.8746183
355.928,250.5530183
356.266,301.2584727
356.605,571.1926304
356.944,632.942303
357.282,835.7688485
357.621,601.6619393
357.959,529.3297455
358.298,289.7480969
358.636,325.0681212
358.975,231.8671758
359.313,145.8017696
359.652,234.4445333
359.990,376.3599515
360.329,429.2259879
360.667,297.9932606
361.006,254.2224
361.344,312.4652849
361.683,145.3579395
362.021,63.00656947
362.359,173.4206303
362.698,333.4370909
363.036,364.2760725
363.375,243.7731393
363.713,371.6885576
364.051,356.5471514
364.390,327.6454787
364.728,257.3051394
365.066,288.6474909
365.405,402.913406
365.743,336.2169697
366.081,334.4657212
366.419,272.1946424
366.758,347.1876364
367.096,312.3412122
367.434,306.6826909
367.772,157.9979877
368.111,141.4747394
368.449,128.2616242
368.787,83.05393918
369.125,269.6195637
369.463,334.6317333
369.802,398.0852847
370.140,300.9231271
370.478,227.7210425
370.816,313.5843635
371.154,225.2185454
371.492,136.9851152
371.830,97.43481215
372.169,138.7176243
372.507,147.4120485
372.845,234.3712486
373.183,246.0214547
373.521,403.5859393
373.859,312.0101576
374.197,173.948606
374.535,205.6657939
374.873,298.7375031
375.211,441.7625453
375.549,334.5376969
375.887,226.581212
376.225,263.3446302
376.563,130.4695756
376.901,124.1463999
377.239,201.3990057
377.577,373.0437818
377.915,292.0108604
378.253,114.6304243
378.590,59.61396376
378.928,326.5293819
379.266,338.6606304
379.604,325.2352727
379.942,383.4134545
380.280,478.4353453
380.618,531.868145
380.955,166.5704489
381.293,104.775684
381.631,129.1351999
381.969,185.0113929
382.307,167.1559512
382.644,96.48928452
382.982,237.0772362
383.320,166.8708601
383.658,209.6002178
383.995,134.9824972
384.333,260.3816729
384.671,118.6335756
385.008,211.6256965
385.346,147.353042
385.684,295.0781085
386.021,221.6351512
386.359,151.9375757
386.697,158.2544479
387.034,177.4342063
387.372,260.8255029
387.709,211.0323151
388.047,208.840824
388.385,219.1714422
388.722,299.937139
389.060,116.4917329
389.397,98.44278781
389.735,94.59679985
390.072,282.4605573
390.410,172.1303757
390.747,98.71403639
391.085,18.85973318
391.422,80.28150272
391.760,24.49103006
392.097,128.0668119
392.435,171.8255029
392.772,175.4698426
393.110,53.52351459
393.447,109.5020604
393.784,248.4907636
394.122,340.6094058
394.459,171.2713454
394.797,329.4883149
395.134,276.773406
395.471,294.5474181
395.809,-15.58094557
396.146,75.41905443
396.483,232.9030789
396.821,202.4161696
397.158,187.3656484
397.495,182.3338668
397.832,418.7576488
398.170,361.899491
398.507,189.8345215
398.844,154.5611636
399.181,199.0809937
399.519,324.5823515
399.856,219.8615753
400.193,295.9324121
400.530,337.6362912
400.867,357.9775027
401.205,220.1396605
401.542,204.8807515
401.879,437.2289697
402.216,304.975927
402.553,372.8451152
402.890,142.2273941
403.227,272.1694304
403.565,328.5956604
403.902,305.2803637
404.239,436.8545694
404.576,267.0688241
404.913,241.9896725
405.250,67.35233959
405.587,138.0467634
405.924,230.2089208
406.261,206.1513937
406.598,307.6123877
406.935,259.6879514
407.272,468.5697455
407.609,210.4319274
407.946,120.1486786
408.283,63.74792735
408.620,251.8775997
408.956,319.4420849
409.293,154.7386423
409.630,100.3414789
409.967,106.0915877
410.304,161.3520726
410.641,64.16829093
410.978,78.3162667
411.315,167.9281214
411.651,217.9716363
411.988,188.5517089
412.325,125.8415273
412.662,240.9962422
412.999,167.1231999
413.335,163.5255273
413.672,129.5803393
414.009,267.819636
414.346,233.2544479
414.682,94.77970902
415.019,-22.61789099
415.356,55.95246013
415.692,-12.93818196
416.029,1.707733393
416.366,73.64933332
416.702,337.2681939
417.039,371.5334059
417.376,260.2909575
417.712,142.7163149
418.049,245.2255515
418.386,217.4041697
418.722,292.7582544
419.059,170.1421089
419.395,227.4123151
419.732,206.6735026
420.068,286.4725577
420.405,398.7605333
420.742,356.7950301
421.078,272.8232244
421.415,114.5228122
421.751,257.4213332
422.088,369.3139882
422.424,343.5462786
422.760,243.7918789
423.097,378.8275146
423.433,412.3139882
423.770,305.942303
424.106,212.3579395
424.443,299.0277575
424.779,397.048509
425.115,373.8220847
425.452,259.7589572
425.788,290.0072726
426.124,228.5169454
426.461,311.8412606
426.797,171.3378908
427.133,122.9842423
427.470,137.1409697
427.806,172.5142303
428.142,145.1252122
428.479,79.33631516
428.815,200.9274181
429.151,217.223539
429.487,303.4357815
429.824,295.9418664
430.160,288.0958787
430.496,200.5424243
430.832,52.32387861
431.168,120.265915
431.505,133.5047755
431.841,255.107176
432.177,296.4616968
432.513,409.234133
432.849,285.9630543
433.185,180.5478543
433.521,-9.083176136
433.857,82.98494562
434.194,309.6825212
434.530,432.1705694
434.866,416.7030058
435.202,173.8989576
435.538,193.7034424
435.874,280.5169454
436.210,326.6274423
436.546,308.1425454
436.882,231.8789091
437.218,125.5349816
437.554,75.61842418
437.890,134.4621334
438.226,479.4930423
438.562,461.5286786
438.898,394.2803637
439.233,192.4765817
439.569,359.0970179
439.905,214.9752239
440.241,86.25287231
440.577,-71.67471568
440.913,23.16356309
441.249,131.5361211
441.584,99.24472721
441.920,55.78058179
442.256,111.8475636
442.592,106.2846545
442.928,235.4522421
443.264,242.1455274
443.599,290.3112726
443.935,300.4982061
444.271,157.772
444.607,285.9458909
444.942,335.9846788
445.278,408.8624483
445.614,267.9576241
445.949,282.9901089
446.285,249.7009935
446.621,126.0147146
446.956,-9.584533215
447.292,104.2361454
447.628,337.8863516
447.963,200.6779635
448.299,107.4328
448.634,238.398303
448.970,311.9285576
449.306,275.6856729
449.641,-38.75842428
449.977,31.3764121
450.312,63.15743025
450.648,131.2470059
450.983,11.49803638
451.319,19.96892118
451.654,202.4366545
451.990,333.4217695
452.325,267.4233454
452.661,192.8965089
452.996,221.4808725
453.332,295.6802422
453.667,147.2282666
454.002,82.22441216
454.338,199.5949575
454.673,191.1166302
455.009,216.2596119
455.344,167.4871757
455.679,247.7429333
456.015,198.9909818
456.350,24.53743033
456.685,37.46843628
457.021,175.4413819
457.356,194.1326542
457.691,12.90938187
458.027,4.511078755
458.362,106.6673695
458.697,172.2079516
459.032,41.16802422
459.368,70.55616975
459.703,281.0097212
460.038,351.5302544
460.373,304.2905213
460.708,272.2744969
461.044,336.0845819
461.379,388.6348848
461.714,275.8114909
462.049,234.3962909
462.384,309.8741817
462.719,213.8448485
463.054,115.0606788
463.390,-13.09447273
463.725,247.5392728
464.060,260.0900121
464.395,224.5009212
464.730,103.9921211
465.065,237.7688485
465.400,344.4707151
465.735,211.9168239
466.070,140.1150546
466.405,85.3277332
466.740,224.1279268
467.075,171.7264727
467.410,362.3924364
467.745,437.5178182
468.080,293.7704242
468.415,5.243151347
468.750,-76.5735031
469.084,91.61728481
469.419,107.0735515
469.754,-6.74397548
470.089,-30.12940613
470.424,46.44523621
470.759,77.551006
471.094,30.31599998
471.428,90.1123395
471.763,171.916121
472.098,199.9102545
472.433,213.5083636
472.768,370.6039758
473.102,486.2620606
473.437,327.2302787
473.772,101.4957574
474.107,113.9513211
474.441,274.6709575
474.776,247.4025939
475.111,195.6461816
475.445,182.8103512
475.780,377.3477818
476.115,395.2988363
476.449,300.3015514
476.784,134.9039514
477.119,435.2972606
477.453,336.1950788
477.788,276.1876364
478.123,-6.806933482
478.457,253.3191515
478.792,442.4750061
479.126,393.3092604
479.461,257.4495274
479.795,224.9873938
480.130,242.9873938
480.464,269.8655999
480.799,286.4179152
481.133,287.916121
481.468,177.9607756
481.802,1.91655757
482.137,44.32545447
482.471,206.429212
482.806,268.1696
483.140,128.8558788
483.474,258.2999758
483.809,350.1479758
484.143,305.4781576
484.478,88.5031999
484.812,48.63330913
485.146,266.7911758
485.481,296.433503
485.815,241.076703
486.149,191.235006
486.484,274.7214788
486.818,297.0708364
487.152,123.2670546
487.486,367.7895999
487.821,422.6443394
488.155,425.8139394
488.489,74.91340601
488.823,150.3180121
489.158,257.2803637
489.492,164.4738666
489.826,64.94431504
490.160,81.44567283
490.494,163.5945211
490.829,137.7002909
491.163,128.7136
491.497,340.2952484
491.831,492.8491395
492.165,440.2169697
492.499,138.6567756
492.833,107.0390542
493.167,172.7938906
493.501,199.9278545
493.835,189.0191757
494.169,228.1253817
494.503,277.7857455
494.837,225.8236608
495.171,85.84555133
495.505,175.5036363
495.839,167.0457939
496.173,229.9325817
496.507,241.3234422
496.841,266.6732361
497.175,452.4237818
497.509,204.5158061
497.843,55.95604849
498.177,95.8890667
498.511,278.7104485
498.845,427.3254545
499.179,155.6928484
499.512,208.7194664
499.846,214.5577455
500.180,356.3062788
500.514,113.2823757
500.848,127.1664485
501.181,168.0744242
501.515,301.6608
501.849,91.22283641
502.183,18.22984227
502.517,229.8279515
502.850,266.1288001
503.184,187.7629819
503.518,251.8092121
503.851,344.1562909
504.185,316.0744242
504.519,24.41633932
504.852,84.74538179
505.186,147.6278788
505.520,159.0394909
505.853,6.280363719
506.187,81.2702059
506.521,159.7704242
506.854,255.848
507.188,138.2557576
507.521,162.6576485
507.855,187.6427636
508.188,153.9298666
508.522,204.2048
508.855,232.7131634
509.189,426.8024726
509.522,288.1315152
509.856,99.87847273
510.189,25.08414547
510.523,146.9968484
510.856,207.0994666
511.190,197.7794424
511.523,122.4237818
511.857,288.7790062
512.190,168.832242
512.523,109.2169697
512.857,142.3948849
513.190,438.2913938
513.523,480.8146424
513.857,374.1797576
514.190,199.5545939
514.523,208.3026909
514.857,162.076703
515.190,-30.27151529
515.523,12.31599998
515.857,196.7907391
516.190,209.5142303
516.523,7.849139452
516.856,-11.56448487
517.190,186.4833212
517.523,241.3849939
517.856,-20.13010899
518.189,133.3504968
518.522,455.5158061
518.856,517.4860365
519.189,348.557309
519.522,130.9576241
519.855,274.9298666
520.188,173.7548363
520.521,114.1159273
520.854,50.79975748
521.187,381.4068848
521.520,379.8135031
521.854,340.1691637
522.187,203.7115877
522.520,297.505915
522.853,421.1134785
523.186,364.3360484
523.519,369.8574546
523.852,390.0356364
524.185,210.9055273
524.518,80.58392739
524.851,54.32659396
525.183,259.8263756
525.516,348.1161941
525.849,380.3112726
526.182,520.6301576
526.515,710.1112
526.848,456.7778667
527.181,62.62700613
527.514,-28.48892124
527.847,249.3748363
528.179,348.667806
528.512,261.5365577
528.845,270.8049212
529.178,461.3603879
529.511,327.0399272
529.843,101.9607756
530.176,34.5460121
530.509,141.3588121
530.842,116.2248485
531.174,111.8139394
531.507,249.6587878
531.840,546.7206059
532.172,464.0374786
532.505,326.5248241
532.838,216.6842667
533.170,246.9368726
533.503,207.3477818
533.836,129.8660364
534.168,184.6885576
534.501,291.5349816
534.834,226.3520726
535.166,112.003418
535.499,272.4946182
535.831,447.1084848
536.164,419.9506181
536.496,208.0065695
536.829,114.9779393
537.161,178.9736485
537.494,30.86087267
537.826,-32.81910308
538.159,112.0692605
538.491,322.4127514
538.824,258.9513211
539.156,111.3978665
539.489,232.0570909
539.821,442.6477572
540.153,490.2208242
540.486,136.3653817
540.818,101.6348848
541.151,184.8209453
541.483,208.9560485
541.815,102.7163149
542.148,30.69713942
542.480,227.1750303
542.812,205.4982061
543.145,193.8213818
543.477,157.2972606
543.809,447.1542786
544.141,312.9032485
544.474,267.1872
544.806,170.8507151
545.138,372.848
545.470,284.6689454
545.802,82.87847273
546.135,48.61842418
546.467,190.2627637
546.799,252.3701091
547.131,207.7735757
547.463,165.2298423
547.795,212.6164122
548.128,194.7593939
548.460,120.9826667
548.792,207.098594
549.124,345.0661093
549.456,357.1441212
549.788,233.1946424
550.120,154.8730424
550.452,346.1946424
550.784,252.7406545
551.116,268.6975757
551.448,243.3971636
551.780,491.6725333
552.112,318.8515879
552.444,185.1508605
552.776,93.80334542
553.108,289.7774301
553.440,330.9607756
553.772,217.6529212
554.104,147.4519757
554.435,270.7442424
554.767,234.7740121
555.099,301.3419151
555.431,210.1112
555.763,334.859297
556.095,214.5882179
556.426,242.2670546
556.758,191.8507151
557.090,332.1159273
557.422,256.7528242
557.754,233.1903515
558.085,233.6709575
558.417,280.3207271
558.749,208.9725091
559.080,-26.77086061
559.412,63.79003634
559.744,267.3387636
560.076,365.9995636
560.407,216.5306908
560.739,214.5600241
561.071,299.6876847
561.402,295.3575031
561.734,219.4664241
562.065,166.2118061
562.397,395.4037333
562.729,258.2212605
563.060,244.8182303
563.392,118.2941089
563.723,333.7566787
564.055,521.0943028
564.386,319.3532119
564.718,300.3834182
565.049,144.743806
565.381,200.4210667
565.712,76.44969698
566.044,74.98511515
566.375,336.1107634
566.707,431.3214302
567.038,326.9540358
567.369,192.2999758
567.701,189.2048
568.032,148.9262786
568.364,108.1319516
568.695,103.5236849
569.026,324.6709575
569.358,203.7230545
569.689,45.28438793
570.020,25.23701815
570.352,88.32317575
570.683,182.3125818
571.014,-64.40145449
571.345,-53.69599994
571.677,137.041503
572.008,119.5419879
572.339,75.59951496
572.670,-89.16933314
573.001,241.8565817
573.333,196.702303
573.664,140.0121697
573.995,109.3227394
574.326,289.4280728
574.657,328.8107878
574.988,96.59338176
575.320,119.0724121
575.651,226.9862545
575.982,284.7821577
576.313,227.0586665
576.644,335.2654788
576.975,478.5248241
577.306,445.8096485
577.637,115.9095515
577.968,128.9424727
578.299,282.3236121
578.630,347.0584001
578.961,210.7857455
579.292,141.4747394
579.623,348.7289212
579.954,280.1233697
580.285,114.5491636
580.616,-1.084315141
580.947,133.990812
581.277,108.4707151
581.608,0.318012118
581.939,10.0187393
582.270,248.7320727
582.601,244.1743273
582.932,223.3180121
583.263,272.4413819
583.593,501.0755636
583.924,403.9373091
584.255,114.8405576
584.586,77.75869087
584.916,233.2679273
585.247,223.9760969
585.578,67.80133335
585.909,84.41590317
586.239,382.5455758
586.570,366.8773332
586.901,235.3606546
587.231,176.9023758
587.562,309.5354182
587.893,286.3062788
588.223,84.48446059
588.554,217.6157091
588.885,191.5922424
589.215,130.9282908
589.546,-186.0611152
589.876,-1.189212163
590.207,312.4761456
590.537,346.2343995
590.868,320.0077092
591.198,187.2760725
591.529,400.4957574
591.859,343.3782544
592.190,218.3085573
592.520,191.7954667
592.851,169.1711758
593.181,124.5507394
593.512,-61.3502303
593.842,31.14053329
594.173,279.1260848
594.503,293.7383758
594.833,139.7920484
595.164,72.6560727
595.494,211.0457939
595.824,226.9995636
596.155,109.585503
596.485,77.42176954
596.815,194.194206
597.146,156.9235637
597.476,181.1409697
597.806,181.2760725
598.137,459.0751271
598.467,283.6321696
598.797,166.4535515
599.127,97.02145465
599.457,222.5079273
599.788,236.4562666
600.118,66.64547873
600.448,143.2616242
600.778,307.2706425
601.108,237.3807031
601.438,110.7661333
601.769,11.67095753
602.099,276.0548121
602.429,109.963491
602.759,76.22669077
603.089,-118.893091
603.419,151.4806061
603.749,99.53025444
604.079,92.61597554
604.409,219.3751027
604.739,361.3308847
605.069,359.2302787
605.399,212.9282908
605.729,212.841697
606.059,356.7900363
606.389,262.6964364
606.719,92.75939385
607.049,51.6026667
607.379,129.6524848
607.709,114.189915
608.039,-27.72278802
608.368,-17.00989111
608.698,195.9208485
609.028,249.4684363
609.358,104.9650666
609.688,35.85500606
610.018,154.2467393
610.347,148.1680242
610.677,67.76254535
611.007,161.0609455
611.337,372.3602182
611.666,460.9869574
611.996,289.8588607
612.326,253.1087516
612.656,213.5807759
612.985,288.8640242
613.315,192.1240725
613.645,330.3527757
613.974,403.4887513
614.304,445.626303
614.634,253.0787151
614.963,205.1910545
615.293,231.5505694
615.622,117.8040485
615.952,65.49233939
616.282,-4.092460593
616.611,232.6348848
616.941,145.5232484
617.270,77.26276366
617.600,74.79117576
617.929,204.6396121
618.259,354.2850908
618.588,211.4781576
618.918,200.5095031
619.247,206.1691637
619.577,74.77243637
619.906,-54.90596366
620.235,-51.92443637
620.565,307.3563636
620.894,267.6051151
621.224,92.27650913
621.553,41.01602419
621.882,186.4950544
622.212,258.0974543
622.541,88.24901819
622.870,116.6599273
623.200,332.2936728
623.529,348.1964842
623.858,165.1624241
624.187,51.40530896
624.517,148.6019636
624.846,271.2925333
625.175,115.0970179
625.504,70.13107856
625.834,152.8119273
626.163,155.3376242
626.492,43.37212121
626.821,-5.304702918
627.150,97.48804847
627.479,93.37010908
627.809,-78.69258197
628.138,-118.0572608
628.467,190.1166302
628.796,275.0002667
629.125,184.683394
629.454,34.1831754
629.783,254.4287756
630.112,269.7539636
630.441,281.9224242
630.770,127.007006
631.099,284.9454543
631.428,209.9501819
631.757,126.9494788
632.086,-17.99570914
632.415,1.099030415
632.744,88.06453315
633.073,60.64933332
633.402,72.48603646
633.731,146.1319516
634.060,238.0394909
634.388,219.7895999
634.717,181.8135031
635.046,213.7108848
635.375,101.4727271
635.704,-95.41134548
636.033,-68.80421837
636.361,82.16286047
636.690,210.6881213
637.019,114.4966303
637.348,62.99886064
637.676,242.923297
638.005,241.0509576
638.334,375.8107878
638.663,249.6019636
638.991,385.4977697
639.320,187.2244122
639.649,171.8331151
639.977,93.85658169
640.306,208.0734856
640.635,128.7428205
640.963,131.4121555
641.292,122.0814905
641.620,235.7508254
641.949,120.7534938
642.278,53.75616197
642.606,4.425497015
642.935,264.4281654
643.263,266.7641669
643.592,101.7668353
643.920,5.436170181
644.249,46.10550523
644.577,135.4415067
644.906,41.44417508
645.234,-27.88648987
645.562,101.4495117
645.891,108.45218
646.219,157.121515
646.548,123.4575166
646.876,195.460185
647.204,160.1295198
647.533,126.1321882
647.861,111.8015232
648.190,185.8041915
648.518,199.8068598
648.846,93.4761947
649.174,58.47886308
649.503,200.8148648
649.831,229.1508663
650.159,176.1535347
650.487,62.15620291
650.816,163.825538
651.144,162.8282062
651.472,95.16420782
651.800,32.1668762
652.129,168.5028779
652.457,123.8388794
652.785,101.1748811
653.113,51.5108827
653.441,306.8468844
653.769,273.8495526
654.097,140.1855543
654.425,25.52155598
654.753,199.1908908
655.082,404.1935592
655.410,406.8628941
655.738,320.1988958
656.066,330.2015641
656.394,199.870899
656.722,176.2069007
657.050,28.87623576
657.378,167.5455706
657.706,79.21490562
658.034,137.2175739
658.361,61.88690893
658.689,276.8895771
659.017,200.8922455
659.345,282.8949138
659.673,254.5642488
660.001,318.2335837
660.329,176.9029186
660.657,110.2389203
660.984,158.574922
661.312,287.2442569
661.640,241.2469252
661.968,128.5829268
662.296,99.91892854
662.623,301.2549301
662.951,268.2575984
663.279,146.5936001
663.607,21.59626849
663.934,145.93227
664.262,160.601605
664.590,37.60427328
664.917,109.6069417
665.245,238.9429431
665.573,380.9456115
665.900,238.2816132
666.228,437.6176147
666.556,498.9536164
666.883,506.9562847
667.211,224.6256197
667.538,258.628288
667.866,459.6309563
668.193,458.3002913
668.521,352.3029597
668.849,211.6389612
669.176,294.6416295
669.504,185.3109645
669.831,105.9802995
670.158,115.6496343
670.486,192.6523027
670.813,218.3216377
671.141,64.32430601
671.468,117.3269743
671.796,141.3296425
672.123,202.3323109
672.450,102.3349793
672.778,204.0043141
673.105,334.6736492
673.432,323.3429842
673.760,196.0123191
674.087,194.6816541
674.414,245.0176557
674.742,325.6869907
675.069,280.6896591
675.396,260.3589939
675.723,175.0283289
676.051,115.3643305
676.378,77.70033224
676.705,55.70300039
677.032,245.0390021
677.359,184.3750038
677.687,214.7110053
678.014,14.38034034
678.341,209.3830087
678.668,80.71901031
678.995,12.38834524
679.322,12.05768017
679.649,161.0603486
679.976,184.7296836
680.303,124.3990184
680.630,151.7350201
680.958,284.7376884
681.285,162.0736901
681.612,113.0763582
681.939,67.74569329
682.266,285.4150283
682.592,299.4176966
682.919,432.0870315
683.246,251.4230332
683.573,341.4257015
683.900,176.7617032
684.227,146.431038
684.554,166.1003731
684.881,242.4363748
685.208,282.1057097
685.535,115.7750446
685.861,280.7777129
686.188,408.1137146
686.515,422.7830497
686.842,142.4523845
687.169,232.4550529
687.495,403.7910544
687.822,373.4603894
688.149,248.7963911
688.476,200.465726
688.802,412.1350611
689.129,287.8043959
689.456,169.4737309
689.782,93.80973264
690.109,365.1457342
690.436,376.1484025
690.762,280.1510708
691.089,89.48707247
691.416,211.1564075
691.742,244.1590757
692.069,134.4950774
692.395,242.4977456
692.722,395.8337473
693.049,387.8364155
693.375,303.5057505
693.702,275.1750856
694.028,561.1777538
694.355,619.8470888
694.681,863.1830905
695.008,1743.185759
695.334,4795.188427
695.660,15878.85776
695.987,32822.86043
696.313,48523.8631
696.640,51687.86577
696.966,38754.5351
697.292,21421.53777
697.619,7458.207105
697.945,2669.209774
698.271,1193.879108
698.598,691.8817768
698.924,619.5511117
699.250,640.55378
699.577,454.8897817
699.903,259.2257833
700.229,166.2284516
700.555,294.5644531
700.882,274.9004548
701.208,208.9031232
701.534,169.9057915
701.860,208.9084597
702.186,182.911128
702.513,236.2471297
702.839,353.9164648
703.165,476.5857996
703.491,396.2551346
703.817,233.9244696
704.143,80.5938046
704.469,65.92980619
704.795,162.5991411
705.121,206.2684762
705.447,532.6044779
705.774,1305.940479
706.100,2971.276481
706.426,4319.612483
706.752,4921.948484
707.077,3900.617819
707.403,2329.953821
707.729,968.623156
708.055,459.9591575
708.381,491.6284925
708.707,412.9644941
709.033,389.6338291
709.359,229.6364975
709.685,191.972499
710.011,84.64183402
710.337,70.6445024
710.662,304.9805039
710.988,454.9831723
711.314,505.6525072
711.640,324.6551756
711.966,178.991177
712.291,203.9938454
712.617,160.3298471
712.943,138.3325154
713.269,85.33518366
713.594,138.6711853
713.920,294.3405203
714.246,574.3431887
714.571,727.3458568
714.897,921.0151919
715.223,561.6845269
715.548,391.3538618
715.874,187.3565301
716.199,434.025865
716.525,424.3618668
716.851,342.0312018
717.176,179.3672033
717.502,292.0365383
717.827,274.0392066
718.153,250.041875
718.478,240.0445431
718.804,213.3805448
719.129,199.7165465
719.455,56.7192148
719.780,238.7218831
720.106,309.7245514
720.431,324.3938864
720.756,212.0632214
721.082,271.0658896
721.407,275.4018913
721.733,149.0712263
722.058,22.40722779
722.383,-22.25677049
722.709,197.7458978
723.034,122.0818995
723.359,206.7512343
723.685,48.08723601
724.010,203.0899044
724.335,211.0925726
724.660,174.0952409
724.986,529.0979092
725.311,634.4339109
725.636,843.7699125
725.961,955.1059142
726.286,2484.108582
726.612,5861.777918
726.937,9286.447252
727.262,11095.78325
727.587,9309.452589
727.912,5994.455257
728.237,2741.791259
728.562,1058.793927
728.887,437.4632622
729.212,325.1325972
729.537,246.1352654
729.863,304.4712671
730.188,213.4739354
730.513,258.8099371
730.838,178.8126054
731.163,170.1486071
731.487,218.817942
731.812,313.1539436
732.137,109.8232785
732.462,39.15928014
732.787,-29.83805148
733.112,193.8312835
733.437,232.1672852
733.762,259.1699534
734.087,315.1726217
734.412,342.1752899
734.736,248.1779583
735.061,113.8472933
735.386,83.84996164
735.711,182.5192966
736.036,161.5219648
736.360,213.1912999
736.685,389.8606348
737.010,832.8633031
737.335,1649.532638
737.659,3870.535306
737.984,6226.204641
738.309,7905.873976
738.633,6977.209978
738.958,4682.212646
739.283,2430.215315
739.607,997.5513162
739.932,598.8873179
740.257,262.5566528
740.581,314.2259878
740.906,348.228656
741.230,357.2313244
741.555,226.567326
741.879,121.5699944
742.204,180.5726626
742.528,218.9086643
742.853,148.9113326
743.177,97.58066754
743.502,188.5833358
743.826,358.5860041
744.151,375.2553391
744.475,320.2580074
744.800,395.9273424
745.124,401.263344
745.448,350.2660123
745.773,329.2686805
746.097,391.2713489
746.421,441.6073505
746.746,378.9433522
747.070,465.9460205
747.394,658.9486889
747.719,731.2846905
748.043,858.6206921
748.367,1135.290027
748.691,1904.959362
749.016,3482.628697
749.340,8366.631365
749.664,17985.63403
749.988,28778.6367
750.312,35302.9727
750.637,33864.30871
750.961,27937.64471
751.285,21380.31404
751.609,15669.65004
751.933,10405.98605
752.257,5762.65538
752.581,2808.658048
752.905,1601.99405
753.229,954.663385
753.553,692.6660532
753.878,715.6687215
754.202,670.6713898
754.526,546.0073914
754.850,313.0100598
755.173,332.6793947
755.497,272.3487297
755.821,305.0180646
756.145,171.3540663
756.469,366.6900679
756.793,306.0260696
757.117,396.6954045
757.441,421.6980728
757.765,409.3674078
758.089,443.7034095
758.412,310.7060777
758.736,410.7087461
759.060,472.378081
759.384,458.3807494
759.708,473.716751
760.031,642.7194193
760.355,844.0554209
760.679,925.3914225
761.003,970.3940909
761.326,1311.396759
761.650,1998.066094
761.974,3492.068762
762.297,8520.071431
762.621,26051.74077
762.945,44960.4101
763.268,60090.41277
763.592,62389.74877
763.916,50750.75144
764.239,33249.75411
764.563,13768.42344
764.886,5312.092777
765.210,2589.762112
765.533,1816.431447
765.857,1280.100782
766.180,1052.10345
766.504,846.439452
766.827,984.4421203
767.151,920.4447885
767.474,758.4474569
767.798,695.1167918
768.121,695.7861268
768.445,634.1221284
768.768,530.1247967
769.091,568.4607984
769.415,798.1301334
769.738,931.1328017
770.061,890.13547
770.385,1229.471472
770.708,1770.807473
771.031,3345.810142
771.355,9090.146143
771.678,23421.48214
772.001,39362.48481
772.324,49651.15415
772.648,43570.82348
772.971,28826.15948
773.294,13407.16215
773.617,4834.164821
773.940,2095.834156
774.264,1185.170158
774.587,1001.50616
774.910,826.8421612
775.233,514.1781629
775.556,466.5141645
775.879,477.8501661
776.202,516.1861677
776.525,365.5221693
776.848,394.5248377
777.171,541.1941726
777.494,542.1968409
777.817,390.5328425
778.140,300.5355109
778.463,325.5381791
778.786,291.5408475
779.109,250.2101824
779.432,245.2128507
779.755,390.215519
780.078,215.2181874
780.401,102.8875223
780.724,32.22352397
781.047,213.8928589
781.370,134.8955272
781.692,28.89819554
782.015,-50.7658028
782.338,161.9035321
782.661,190.5728671
782.984,211.242202
783.306,198.2448704
783.629,483.2475387
783.952,442.250207
784.275,418.5862086
784.597,268.2555436
784.920,361.5915452
785.243,314.2608802
785.565,192.2635485
785.888,438.5995501
786.211,645.9355517
786.533,677.9382201
786.856,286.2742217
787.179,209.27689
787.501,354.6128916
787.824,390.9488932
788.146,362.9515616
788.469,311.6208965
788.791,469.6235649
789.114,339.6262331
789.436,134.6289014
789.759,65.29823643
790.081,127.6342381
790.404,152.6369063
790.726,165.6395747
791.049,106.6422429
791.371,385.9782446
791.694,231.3142462
792.016,172.3169146
792.338,65.31958282
792.661,377.6555845
792.983,519.3249195
793.305,677.9942545
793.628,1427.996923
793.950,3953.332924
794.272,7125.002259
794.595,9730.338261
794.917,9591.007596
795.239,7305.343598
795.561,4010.012933
795.884,1688.348934
796.206,771.6849358
796.528,525.3542708
796.850,391.3569391
797.172,187.0262741
797.494,237.6956091
797.817,241.364944
798.139,214.034279
798.461,159.0369472
798.783,394.0396156
799.105,766.7089505
799.427,1606.378286
799.749,3815.380954
800.071,7167.383622
800.393,10845.71962
800.715,13060.05563
801.037,13162.39163
801.359,11759.3943
801.681,8830.730297
802.003,5736.732965
802.325,2809.4023
802.647,1219.404969
802.969,612.4076369
803.291,428.7436385
803.613,296.4129734
803.935,199.4156417
804.256,270.41831
804.578,331.4209783
804.900,321.0903133
805.222,180.7596483
805.544,263.7623166
805.866,190.4316515
806.187,209.1009865
806.509,75.10365484
806.831,229.7729898
807.153,221.1089914
807.474,220.4449931
807.796,282.4476613
808.118,408.1169963
808.439,550.1196646
808.761,565.122333
809.083,1086.791668
809.404,2914.461003
809.726,6059.797005
810.047,9256.133006
810.369,11957.80234
810.691,15819.47168
811.012,20290.14101
811.334,23721.47701
811.655,21990.14635
811.977,15757.48235
812.298,8364.151684
812.620,3286.821019
812.941,1343.823688
813.263,796.8263558
813.584,585.1623575
813.906,471.8316925
814.227,583.1676941
814.548,685.837029
814.870,678.506364
815.191,486.175699
815.513,247.5117006
815.834,398.5143689
816.155,260.5170372
816.477,334.8530389
816.798,235.1890405
817.119,331.8583755
817.440,407.8610438
817.762,288.1970454
818.083,306.5330471
818.404,172.202382
818.725,220.5383837
819.047,187.8743853
819.368,244.5437203
819.689,326.5463886
820.010,355.5490569
820.331,249.2183918
820.652,228.8877268
820.974,288.5570618
821.295,319.5597301
821.616,281.229065
821.937,205.8984
822.258,255.567735
822.579,299.5704033
822.900,237.9064049
823.221,268.2424066
823.542,543.9117415
823.863,632.5810765
824.184,805.9170782
824.505,1084.919746
824.826,1980.255748
825.147,4187.925083
825.468,9795.594418
825.789,18541.59709
826.110,26456.59975
826.430,28525.60242
826.751,23081.27176
827.072,14689.60776
827.393,7443.943761
827.714,3722.946429
828.035,2020.949098
828.355,1396.285099
828.676,1188.287768
828.997,1097.957103
829.318,807.959771
829.638,566.9624393
829.959,488.6317742
830.280,544.6344425
830.601,345.6371109
830.921,329.3064458
831.242,240.9757808
831.563,347.6451158
831.883,291.6477841
832.204,168.6504524
832.524,205.986454
832.845,177.9891223
833.166,236.6584573
833.486,726.6611256
833.807,803.6637939
834.127,772.3331288
834.448,110.3357972
834.768,81.00513213
835.089,105.3411338
835.409,163.6771354
835.730,144.6798037
836.050,166.3491387
836.371,290.3518069
836.691,230.0211419
837.011,145.3571436
837.332,120.6931452
837.652,290.0291468
837.973,374.0318152
838.293,429.0344835
838.613,333.3704851
838.934,386.3731534
839.254,425.709155
839.574,945.7118233
839.894,2320.381158
840.215,4340.71716
840.535,5804.053162
840.855,5957.05583
841.175,5232.391831
841.496,5959.061166
841.816,8400.730501
842.136,11330.39984
842.456,11907.4025
842.776,9369.07184
843.096,5521.741175
843.417,2388.077176
843.737,1127.413178
844.057,613.0825129
844.377,407.0851812
844.697,108.7545162
845.017,190.7571845
845.337,201.0931861
845.657,152.7625211
845.977,-44.23481062
846.297,-5.232142329
846.617,121.770526
846.937,185.4398609
847.257,233.7758626
847.577,138.4451976
847.897,256.7811992
848.217,135.1172008
848.536,165.1198691
848.856,153.1225374
849.176,340.7918724
849.496,288.4612074
849.816,283.797209
850.136,130.7998773
850.455,391.4692123
850.775,457.1385472
851.095,1140.141216
851.415,2029.810551
851.735,3247.479885
852.054,3536.482554
852.374,3066.151889
852.694,2100.821224
853.013,1365.823892
853.333,759.1598937
853.653,463.162562
853.972,241.8318969
854.292,386.5012319
854.612,211.5039002
854.931,210.8399018
855.251,100.1759035
855.570,337.5119051
855.890,248.5145734
856.209,242.5172417
856.529,149.51991
856.848,306.189245
857.168,231.5252466
857.487,181.8612483
857.807,98.19724991
858.126,269.5332515
858.446,248.5359198
858.765,183.8719215
859.085,115.8745898
859.404,145.8772581
859.723,132.2132597
860.043,30.21592802
860.362,80.55192966
860.681,232.554598
861.001,196.8905996
861.320,141.5599346
861.639,73.89593621
861.959,226.5652712
862.278,168.5679395
862.597,80.23727444
862.916,33.90660941
863.236,82.57594438
863.555,97.57861268
863.874,118.581281
864.193,176.5839493
864.512,339.2532843
864.831,334.9226192
865.151,183.5919542
865.470,366.2612892
865.789,413.2639575
866.108,556.5999591
866.427,323.6026274
866.746,292.6052957
867.065,363.9412973
867.384,271.6106323
867.703,233.9466339
868.022,118.2826356
868.341,274.6186372
868.660,176.2879722
868.979,87.95730716
869.298,67.95997546
869.617,187.9626438
869.936,260.9653121
870.255,155.634647
870.573,147.6373153
870.892,239.6399836
871.211,130.3093186
871.530,73.97865358
871.849,69.31465522
872.168,205.3173235
872.486,214.6533252
872.805,137.3226601
873.124,195.9919951
873.443,363.6613301
873.761,308.9973317
874.080,193
874.399,-8.333333333
874.718,121.6666667
875.036,92
875.355,57.33333333
875.674,2.666666667
875.992,81.33333333
876.311,95
876.629,-34.66666667
876.948,-24.66666667
877.267,16.66666667
877.585,-4.666666667
877.904,-137.6666667
878.222,-101.6666667
878.541,136
878.859,266
879.178,212.6666667
879.496,151
879.815,198.3333333
880.133,134.3333333
880.452,-40.66666667
880.770,-90
881.088,67.33333333
881.407,217
881.725,80.33333333
882.043,37.33333333
882.362,-26.66666667
882.680,-24.66666667
882.998,-107
883.317,-35.33333333
883.635,251.6666667
883.953,261.6666667
884.271,283.3333333
884.590,216.3333333
884.908,288.6666667
885.226,170
885.544,-55
885.863,-52.66666667
886.181,64.66666667
886.499,264.6666667
886.817,240.6666667
887.135,138
887.453,82.66666667
887.771,52.66666667
888.089,79.33333333
888.407,120.6666667
888.725,193.3333333
889.043,106.3333333
889.361,1.333333333
889.679,77.33333333
889.997,222.6666667
890.315,223.6666667
890.633,80.66666667
890.951,189.6666667
891.269,159
891.587,65.66666667
891.905,-156
892.223,-33
892.541,85.66666667
892.859,92.33333333
893.176,-38.33333333
893.494,46.66666667
893.812,271.6666667
894.130,323.6666667
894.448,184.3333333
894.765,10.33333333
895.083,42.33333333
895.401,31
895.719,-59.66666667
896.036,-6.666666667
896.354,114.3333333
896.672,207
896.989,-28.66666667
897.307,-87.33333333
897.625,-11.66666667
897.942,74
898.260,55.66666667
898.577,113.3333333
898.895,126
899.213,124.3333333
899.530,-82.33333333
899.848,52.66666667
900.165,265
900.483,342.6666667
900.800,359
901.118,224.3333333
901.435,236.6666667
901.752,227.6666667
902.070,191.6666667
902.387,183.6666667
902.705,165.6666667
903.022,129.3333333
903.339,109.6666667
903.657,169
903.974,325
904.291,241.3333333
904.609,29.66666667
904.926,-5.666666667
905.243,167.3333333
905.560,207.3333333
905.878,119.6666667
906.195,79.66666667
906.512,228
906.829,152.3333333
907.146,216.3333333
907.464,220.6666667
907.781,378.6666667
908.098,196.3333333
908.415,94.33333333
908.732,79
909.049,191
909.366,98
909.683,35
910.000,188
910.317,513.6666667
910.634,928.3333333
910.951,1922
911.268,5640
911.585,12150.33333
911.902,18528.33333
912.219,21016.33333
912.536,17134.66667
912.853,10779
913.170,4722
913.487,1789.666667
913.804,769
914.121,575.6666667
914.437,455
914.754,243.3333333
915.071,180.3333333
915.388,420.6666667
915.705,510
916.021,295.6666667
916.338,173.3333333
916.655,237
916.972,284.6666667
917.288,233.3333333
917.605,185
917.922,353
918.238,184
918.555,19.66666667
918.872,-140.6666667
919.188,17.33333333
919.505,100.6666667
919.821,128.3333333
920.138,256
920.454,396.6666667
920.771,713
921.088,712
921.404,1243.666667
921.721,1916
922.037,2665
922.353,2857.333333
922.670,2383
922.986,1651
923.303,931.6666667
923.619,383.3333333
923.936,248.6666667
924.252,143.6666667
924.568,127
924.885,-6
925.201,42.33333333
925.517,265.6666667
925.834,319.3333333
926.150,229.6666667
926.466,244
926.782,298
927.099,277
927.415,47.66666667
927.731,1
928.047,154.3333333
928.363,112.6666667
928.679,133.3333333
928.996,156
929.312,277.3333333
929.628,275.3333333
929.944,30.33333333
930.260,-22.66666667
930.576,92
930.892,152
931.208,103
931.524,58.66666667
931.840,178.3333333
932.156,200.3333333
932.472,49.66666667
932.788,79.66666667
933.104,225
933.420,267.3333333
933.736,126.3333333
934.052,114.3333333
934.368,195.3333333
934.684,330.6666667
934.999,257
935.315,250
935.631,333.3333333
935.947,278.6666667
936.263,175
936.578,49.66666667
936.894,238.6666667
937.210,199.6666667
937.526,128.3333333
937.841,144.6666667
938.157,293.3333333
938.473,257.6666667
938.788,129.3333333
939.104,151
939.420,381.3333333
939.735,282.3333333
940.051,157.6666667
940.367,-41.33333333
940.682,60.33333333
940.998,81.66666667
941.313,22.33333333
941.629,10
941.944,157
942.260,183
942.575,89.66666667
942.891,-62.66666667
943.206,30.66666667
943.522,52.66666667
943.837,-17
944.153,55
944.468,178.3333333
944.783,190.3333333
945.099,19.33333333
945.414,-97
945.729,153.6666667
946.045,130
946.360,123.3333333
946.675,153.3333333
946.991,401
947.306,323
947.621,119
947.936,-48.33333333
948.252,159.3333333
948.567,72.66666667
948.882,-52.33333333
949.197,-164.3333333
949.512,-34
949.827,11.33333333
950.142,-49.33333333
950.458,132.6666667
950.773,209.3333333
951.088,257.3333333
951.403,9.333333333
951.718,115
952.033,194
952.348,137
952.663,-37.66666667
952.978,1
953.293,100
953.608,90
953.923,-15.33333333
954.238,-8
954.553,170
954.867,53
955.182,-7.333333333
955.497,-63.33333333
955.812,137.6666667
956.127,142.6666667
956.442,84.33333333
956.757,80
957.071,259.3333333
957.386,227.6666667
957.701,157.6666667
958.016,38.33333333
958.330,208.3333333
958.645,199.3333333
958.960,257
959.274,208
959.589,224.3333333
959.904,96
960.218,48.66666667
960.533,68
960.848,145.3333333
961.162,67.66666667
961.477,-31
961.791,-27.33333333
962.106,150.3333333
962.420,199
962.735,8.333333333
963.049,2.333333333
963.364,64
963.678,230
963.993,33
964.307,239
964.622,534
964.936,1306
965.250,1856.333333
965.565,2357.333333
965.879,2238.333333
966.193,1559.333333
966.508,818.6666667
966.822,290.6666667
967.136,279
967.451,186.6666667
967.765,135.6666667
968.079,110
968.393,254.6666667
968.708,219.6666667
969.022,125
969.336,211
969.650,351.3333333
969.964,305
970.278,68.66666667
970.592,98.66666667
970.907,277.6666667
971.221,223.3333333
971.535,-43
971.849,21.33333333
972.163,106.3333333
972.477,130.3333333
972.791,19.33333333
973.105,56
973.419,291.6666667
973.733,197.3333333
974.047,92
974.361,70.33333333
974.675,160
974.989,157.3333333
975.302,172.3333333
975.616,54.33333333
975.930,234.6666667
976.244,420
976.558,508
976.872,377
977.185,289.3333333
977.499,254.3333333
977.813,256.3333333
978.127,199
978.441,304
978.754,295.3333333
979.068,87.33333333
979.382,-39.66666667
979.695,185.6666667
980.009,169.3333333
980.323,185.6666667
980.636,79
980.950,158.3333333
981.263,148.3333333
981.577,-69.66666667
981.891,58.33333333
982.204,187.6666667
982.518,210.6666667
982.831,38.33333333
983.145,-17.33333333
983.458,82
983.772,-76.66666667
984.085,-159
984.399,-106.6666667
984.712,139.6666667
985.025,128.6666667
985.339,20
985.652,0
985.965,141.3333333
986.279,123.3333333
986.592,-22.66666667
986.905,-79.66666667
987.219,144.3333333
987.532,221.6666667
987.845,123.3333333
988.159,110.3333333
988.472,191
988.785,242.3333333
989.098,136.3333333
989.411,120.6666667
989.725,168.3333333
990.038,66.66666667
990.351,-81.66666667
990.664,0
990.977,152.6666667
991.290,205.6666667
991.603,20.66666667
991.916,-7.333333333
992.229,103.6666667
992.542,108.6666667
992.855,-51.66666667
993.168,-27.66666667
993.481,241
993.794,260
994.107,183.3333333
994.420,100
994.733,176.6666667
995.046,120.3333333
995.359,-112.3333333
995.672,-42
995.985,101.6666667
996.298,157.3333333
996.610,31
996.923,31.33333333
997.236,134
997.549,226
997.862,137.6666667
998.174,107.6666667
998.487,116.3333333
998.800,81
999.113,53
999.425,39.66666667
999.738,137.3333333
1000.051,125.6666667
1000.363,-54
1000.676,-7.333333333
1000.988,82.66666667
1001.301,137.3333333
1001.614,-102.3333333
1001.926,-144.6666667
1002.239,3.333333333
1002.551,195
1002.864,6.333333333
1003.176,68
1003.489,52
1003.801,270.6666667
1004.114,87
1004.426,90.66666667
1004.738,62.66666667
1005.051,59.33333333
1005.363,-89.33333333
1005.676,-63.66666667
1005.988,74.33333333
1006.300,35
1006.613,-30.66666667
1006.925,-25.66666667
1007.237,226
1007.550,197.6666667
1007.862,85.33333333
1008.174,57.66666667
1008.486,224
1008.799,262.3333333
1009.111,66.33333333
1009.423,39.66666667
1009.735,152
1010.047,229.6666667
1010.359,92.66666667
1010.671,121.3333333
1010.984,307.3333333
1011.296,322.3333333
1011.608,181
1011.920,132.6666667
1012.232,193
1012.544,111.3333333
1012.856,-15.33333333
1013.168,98
1013.480,254
1013.792,221
1014.104,-29.33333333
1014.416,-40.66666667
1014.728,132
1015.039,148
1015.351,64.66666667
1015.663,65.33333333
1015.975,273.6666667
1016.287,232.6666667
1016.599,28.66666667
1016.911,33
1017.222,207.3333333
1017.534,195
1017.846,-42
1018.158,-62.66666667
1018.469,64.66666667
1018.781,149.6666667
1019.093,-43
1019.404,22
1019.716,91
1020.028,127.3333333
1020.339,-43
1020.651,-16
1020.963,243
1021.274,190.3333333
1021.586,68
1021.897,-67
1022.209,277
1022.520,259.6666667
1022.832,200.6666667
1023.143,25
1023.455,84.33333333
1023.766,50.33333333
1024.078,-93.66666667
1024.389,26.66666667
1024.700,234
1025.012,241.6666667
1025.323,63.33333333
1025.635,0.666666667
1025.946,292.6666667
1026.257,261
1026.569,137.6666667
1026.880,107.3333333
1027.191,175.3333333
1027.502,240.6666667
1027.814,-16
1028.125,-23
1028.436,12.33333333
1028.747,35
1029.059,13
1029.370,37.33333333
1029.681,174
1029.992,125
1030.303,-43.66666667
1030.614,-106.6666667
1030.925,153
1031.236,110
1031.547,147.3333333
1031.858,77
1032.169,359
1032.480,191.6666667
1032.791,60.66666667
1033.102,-18.66666667
1033.413,163.3333333
1033.724,150.3333333
1034.035,63.33333333
1034.346,129.3333333
1034.657,271
1034.968,284.6666667
1035.279,45.33333333
1035.590,155.3333333
1035.901,277
1036.211,334.6666667
1036.522,55.33333333
1036.833,-85
1037.144,20
1037.454,34.33333333
1037.765,-48.33333333
1038.076,9.333333333
1038.387,119.6666667
1038.697,178.3333333
1039.008,26
1039.319,-10.66666667
1039.629,113.3333333
1039.940,168
1040.250,85.33333333
1040.561,153.3333333
1040.872,271.6666667
1041.182,261
1041.493,29.66666667
1041.803,73.66666667
1042.114,228.3333333
1042.424,349.3333333
1042.735,187.3333333
1043.045,339
1043.356,373.6666667
1043.666,284.3333333
1043.977,64.33333333
1044.287,22
1044.597,242.3333333
1044.908,153
1045.218,96.33333333
1045.528,45.66666667
1045.839,297.6666667
1046.149,208.6666667
1046.459,142
1046.770,-3.666666667
1047.080,93
1047.390,14.33333333
1047.700,-31.33333333
1048.010,42
1048.321,121.3333333
1048.631,52.33333333
1048.941,-98.33333333
1049.251,-101.3333333
1049.561,72.66666667
1049.871,-43.66666667
1050.181,-201.3333333
1050.491,-291.3333333
1050.802,39.66666667
1051.112,152
1051.422,159.6666667
1051.732,71.66666667
1052.042,172
1052.352,32.33333333
1052.662,-87.66666667
1052.972,-47.33333333
1053.281,176.6666667
1053.591,123.6666667
1053.901,-44.66666667
1054.211,22
1054.521,228
1054.831,283.3333333
1055.141,122.6666667
1055.451,157.3333333
1055.760,368
1056.070,713.6666667
1056.380,692
1056.690,603.6666667
1056.999,332.3333333
1057.309,257.6666667
1057.619,159
1057.928,259
1058.238,346
1058.548,353
1058.857,272.3333333
1059.167,205.6666667
1059.477,424.3333333
1059.786,279.6666667
1060.096,257.3333333
1060.405,115
1060.715,356.3333333
1061.024,357.6666667
1061.334,248.6666667
1061.643,138.3333333
1061.953,223
1062.262,115.6666667
1062.572,31
1062.881,-42.66666667
1063.191,143
1063.500,144
1063.809,-31.66666667
1064.119,54.66666667
1064.428,140.3333333
1064.738,162.3333333
1065.047,-64
1065.356,-93.66666667
1065.665,16.33333333
1065.975,96
1066.284,15
1066.593,135
1066.902,256
1067.212,283
1067.521,105
1067.830,54.66666667
1068.139,146
1068.448,251
1068.757,154.3333333
1069.066,140.6666667
1069.376,148.3333333
1069.685,-62
1069.994,-125
1070.303,36.66666667
1070.612,323.3333333
1070.921,254
1071.230,15.33333333
1071.539,-45
1071.848,140.3333333
1072.157,77.66666667
1072.465,125.6666667
1072.774,63
1073.083,228.3333333
1073.392,75.66666667
1073.701,-14.33333333
1074.010,-85.66666667
1074.319,124.3333333
1074.628,129.6666667
1074.936,87.33333333
1075.245,103.6666667
1075.554,264.6666667
1075.863,191
1076.171,21
1076.480,91.33333333
1076.789,338.6666667
1077.097,368
1077.406,86.33333333
1077.715,-36
1078.023,119.6666667
1078.332,158.6666667
1078.641,1.333333333
1078.949,-60
1079.258,22.33333333
1079.566,49
1079.875,-144.3333333
1080.183,-90.33333333
1080.492,179.6666667
1080.800,143
1081.109,-41
1081.417,-96.33333333
1081.726,130.6666667
1082.034,138.3333333
1082.342,-41.33333333
1082.651,42.66666667
1082.959,173.6666667
1083.268,162.3333333
1083.576,90
1083.884,196
1084.192,427.3333333
1084.501,306.3333333
1084.809,89.33333333
1085.117,78.66666667
1085.426,321.6666667
1085.734,286.6666667
1086.042,125.3333333
1086.350,-2.666666667
1086.658,129.3333333
1086.966,15
1087.275,-61.66666667
1087.583,4.333333333
1087.891,193
1088.199,203.6666667
1088.507,22
1088.815,145.6666667
1089.123,166.6666667
1089.431,171.6666667
1089.739,-100.3333333
1090.047,38.66666667
1090.355,280.3333333
1090.663,306.6666667
1090.971,32
1091.279,-73.33333333
1091.587,133
1091.895,295
1092.203,207.6666667
1092.510,63.66666667
1092.818,135.6666667
1093.126,137.3333333
1093.434,127.6666667
1093.742,175.3333333
1094.049,273.3333333
1094.357,206
1094.665,61.66666667
1094.973,107.6666667
1095.280,236
1095.588,141.6666667
1095.896,-50.66666667
1096.203,103.3333333
1096.511,347.6666667
1096.819,471.6666667
1097.126,239.6666667
1097.434,102.6666667
1097.741,121.6666667
1098.049,97.33333333
1098.357,-28.66666667
1098.664,-6.666666667
1098.972,155.3333333
1099.279,150.3333333
1099.587,95
1099.894,152.6666667
1100.202,318.5
